btt-8-083Fig3;C0738276;0
abcd-28-01-0087-g03;C0738276;0
ipej030157-10;C1287716;1
aps-43-590-g001;C0576088;2
aps-43-590-g002;C0576088;2
aps-43-590-g005;C0576088;2
aps-43-590-g006;C0576088;2
JCIS-2-66-g002;C0576088;2
cios-4-77-g001;C0576088;2
CRIM.ENDOCRINOLOGY2013-190962.002;C0576088;2
CRIM.RADIOLOGY2013-235209.001;C0576088;2
prm-20-229-1;C0576088;2
10195_2011_165_Fig1_HTML;C0576088;2
10195_2011_165_Fig2_HTML;C0576088;2
JCAS-6-171-g001;C0576088;2
1476-0711-4-18-2;C0576088;2
eplasty14ic11_fig1;C0576088;2
kjim-14-2-94-16f4;C0576088;2
JMedLife-04-314-g001;C0576088;2
1546-0096-5-8-4;C0576088;2
EJHS2603-0301Fig2;C0576088;2
EJHS2603-0301Fig4;C0576088;2
IJN-25-317-g002;C0576088;2
JGID-5-85-g001;C0576088;2
JGID-6-125-g001;C0576088;2
JGID-6-125-g002;C0576088;2
AMHSR-4-968-g001;C0576088;2
1477-7819-4-95-2;C0576088;2
rju14702;C0576088;2
poljradiol-79-51-g011;C0576088;2
JNRP-4-138b-g002;C0576088;2
JoU-2016-0023-g002;C0576088;2
CRIM.RADIOLOGY2013-939372.001;C0576088;2
10-1055-s-0033-1354253-i1300029-2;C0576088;2
JCIS-4-40-g002;C0576088;2
1477-7819-6-6-1;C0576088;2
1749-8090-9-49-1;C0576088;2
1752-1947-5-397-6;C0576088;2
1752-1947-2-142-1;C0576088;2
ic-46-199-g001;C0576088;2
JRMS-18-264-g001;C0576088;2
IJRI-25-322-g004;C0576088;2
CRIM.PEDIATRICS2012-386104.003;C0576088;2
IJD-61-324-g004;C0576088;2
12245_2016_110_Fig3_HTML;C0576088;2
12245_2016_110_Fig4_HTML;C0576088;2
1757-1626-2-102-2;C0576088;2
CRIM.DENTISTRY2013-152528.014;C0576088;2
JNRP-4-240-g001;C0576088;2
JNRP-4-240-g004;C0576088;2
13256_2015_657_Fig1_HTML;C0576088;2
13256_2015_657_Fig2_HTML;C0576088;2
13256_2014_3148_Fig1_HTML;C0576088;2
bcr2016216502f01;C0576088;2
13311_2010_3_Fig6_HTML;C0576088;2
cios-3-81-g001;C0576088;2
CRIEM2014-870580.001;C0576088;2
CRIEM2014-870580.002;C0576088;2
IJEM-15-65-g001;C0576088;2
PAMJ-22-132-g005;C0576088;2
CRIOR2016-4930285.006;C0576088;2
PRI2011-607820.010;C0576088;2
AJNS-12-263-g002;C0576088;2
AJNS-12-263-g003;C0576088;2
kjped-54-385-g001;C0576088;2
jscr-2011-1-4fig2;C0576088;2
CRIM.RADIOLOGY2012-642062.003;C0576088;2
ANE2011-794283.003;C0576088;2
edmcr-2017-170013-g004;C0576088;2
cureus-0009-00000001597-i04;C0576088;2
CRIRH2016-2019250.001;C2332719;3
kjlm-31-49-g001;C0796089;4
MGG3-4-599-g001;C0796089;4
JPN-6-19-g004;C0796089;4
381_2016_3074_Fig2_HTML;C0796089;4
kjr-1-98-g003;C0580531;5
DRJ-10-602-g008;C1883520;6
DRJ-10-602-g009;C1883520;6
eplasty10e11_fig7;C2207392;7
IJPS-42-106-g005;C2207392;7
IJPS-41-229-g006;C2207392;7
jkaoms-42-265-g001;C2207392;7
IJPS-42-255-g001;C2207392;7
gox-4-e670-g002;C2207392;7
icrp-2-034-g002;C2207392;7
JETS-03-82-g010;C2207392;7
jced-6-e456-g003;C2207392;7
gox-2-e239-g008;C2207392;7
SNI-2-121-g005;C2207392;7
eplasty17ic02_fig3;C2207392;7
aps-39-130-g003;C2207392;7
pone.0083696.g016;C2207392;7
aps-40-76-g003;C2207392;7
PDIA-33-27775-g003;C2207392;7
cln63_2p0277f5;C2207392;7
wjmh-34-145-g001;C2005967;8
CRIM.OBGYN2013-265159.004;C0018021;9
CRIONM2015-546297.001;C0018021;9
PAMJ-20-278-g001;C0018021;9
IJEM-16-713-g007;C0018021;9
rjv05601;C0018021;9
CRIM.PULMONOLOGY2012-512790.001;C0018021;9
1752-1947-4-15-2;C0018021;9
JCHIMP-6-32369-g002;C0018021;9
gr1_PMC3825995;C0018021;9
gr2_PMC3825995;C0018021;9
gr3_PMC3825995;C0018021;9
gr4_PMC3825995;C0018021;9
gr5_PMC3825995;C0018021;9
gr6_PMC3825995;C0018021;9
gr7_PMC3825995;C0018021;9
gr8_PMC3825995;C0018021;9
gr9_PMC3825995;C0018021;9
gr11_PMC3825995;C0018021;9
1752-1947-5-572-1;C0018021;9
JCIS-6-13-g005;C0018021;9
40064_2014_1212_Fig3_HTML;C0018021;9
40064_2014_1212_Fig4_HTML;C0018021;9
40064_2014_1212_Fig5_HTML;C0018021;9
JFMPC-5-460-g001;C0018021;9
kjim-28-380-g001;C0018021;9
IJEM-17-228-g002;C0018021;9
IJEM-17-228-g003;C0018021;9
IJEM-17-228-g004_PMC3683195;C0018021;9
gr3_PMC4723733;C0018021;9
1752-1947-4-258-1;C0018021;9
IJEM-15-138-g001;C0018021;9
gr1_PMC5199157;C0018021;9
CRIM.MEDICINE2013-923129.001;C0018021;9
1749-7922-7-9-7;C0018021;9
jcb1821031af01;C0018021;9
kjim-26-218-g001;C0018021;9
IJEM-17-366-g001;C0018021;9
IJEM-16-371-g004;C0018021;9
gr5_PMC3920355;C0018021;9
PAMJ-22-72-g004;C0018021;9
1756-0500-6-467-1;C0018021;9
ircmj-17-05-18342-g002;C0018021;9
JMAS-9-116-g003;C0018021;9
IJEM-16-460-g001;C0018021;9
AER-11-110-g003;C0018021;9
pone.0167197.g002;C0182576;10
wjem-12-04-30-f04;C0182576;10
IJD-60-422c-g001;C0182576;10
IJD-60-422c-g002;C0182576;10
IJD-60-422c-g006;C0182576;10
1471-2415-5-11-2;C0182576;10
cde-0005-0001-g01;C0182576;10
401_2015_1528_Fig5_HTML;C0182576;10
autopsy-05-04005-ga;C0182576;10
CRIM.OPHMED2012-536746.001;C0182576;10
TODENTJ-5-179_F2;C0182576;10
jaos-18-06-0577-g03;C0182576;10
jaos-18-06-0577-g04;C0182576;10
jaos-18-06-0577-g05;C0182576;10
btp152f5;C0182576;10
LCI2015-235720.002;C0182576;10
CCR3-4-1157-g002;C0182576;10
ATM-10-67-g002;C0182576;10
CRIM.RHEUMATOLOGY2012-751683.002;C0182576;10
materials-09-01015-g006;C0182576;10
JMedLife-08-452-g001;C0182576;10
biosensors-05-00618-g005a;C0182576;10
IJA-56-425-g002;C0182576;10
JCD-16-449-g007;C0182576;10
srep15202-f6;C0182576;10
CRIM2016-9763621.001;C0182576;10
1752-1947-6-403-1;C0182576;10
ncomms12390-f2;C0182576;10
1744-9081-2-26-1;C0182576;10
12284_2015_47_Fig3_HTML;C0182576;10
IJRI-25-288-g004;C0182576;10
IJD2012-310702.002;C0182576;10
40104_2016_119_Fig7_HTML;C0182576;10
pone.0002808.g002;C0182576;10
materials-09-01000-g005;C0182576;10
fncom-08-00120-g0001;C0182576;10
ABR-5-68-g001;C0182576;10
sensors-15-25103-g016;C0182576;10
sensors-15-25103-g017;C0182576;10
rsos140522-g2;C0182576;10
materials-08-04162-g008;C0182576;10
materials-08-04162-g009;C0182576;10
IJO-60-235-g004;C0182576;10
1678-7757-jaos-15-04-0299-gf05;C0182576;10
13256_2014_3083_Fig5_HTML;C0182576;10
materials-09-00115-g011;C0182576;10
oajsm-5-089Fig5;C0182576;10
ECE3-7-585-g005;C0182576;10
13205_2016_394_Fig5_HTML;C0182576;10
EJD-9-293-g005;C0182576;10
EJD-9-293-g007;C0182576;10
EJD-9-293-g012;C0182576;10
EJD-9-293-g013;C0182576;10
1757-1626-0002-0000006413-003;C0182576;10
pone.0088158.g009;C0182576;10
pone.0088158.g010;C0182576;10
EJD-7-186-g001;C0182576;10
ic-2013-012718_0008;C0182576;10
gr3_PMC5054710;C0182576;10
TSWJ2015-371913.007;C0182576;10
jem.2072pifig2;C0182576;10
IJA-53-64-g002;C0182576;10
dp0402a06g005;C0182576;10
pbio.0060040.g003;C0182576;10
cm8704p269f9;C0182576;10
rcsann.2014.96.1.80-2;C0182576;10
ijs0005-0434-f2;C0182576;10
CRIDM2016-7137691.003;C0182576;10
1757-1626-1-423-3;C0182576;10
1743-0003-9-51-1;C0182576;10
isd-46-53-g002;C0182576;10
gr1_PMC5299206;C0182576;10
pone.0001228.g005;C0182576;10
ORT-1745-3674-81-460-g002;C0182576;10
tropmed-85-791-g001;C0182576;10
10.1177_0885328212445404-fig4;C0182576;10
poljradiol-81-611-g005;C0182576;10
CRIS2016-2019212.001;C0182576;10
CRIS2016-2019212.004;C0182576;10
fnsys-05-00060-g004;C0182576;10
IJNM-26-31-g001;C0182576;10
CRIPE2015-439596.001;C0182576;10
imcrj-8-255Fig1;C0182576;10
jrd-62-115-g001;C0182576;10
kjo-21-48-g003;C0182576;10
JETS-3-303b-g003;C0182576;10
JETS-5-204-g001;C0182576;10
sensors-10-01338f4;C0182576;10
AnnGastroenterol-26-261-g001;C0182576;10
07-0654-F;C0182576;10
materials-09-00732-g003;C0182576;10
fimmu-07-00246-g007;C0182576;10
UROLOGY2011-292517.005;C0182576;10
UROLOGY2011-292517.006;C0182576;10
IndianJOphthalmol-55-396-g001;C0182576;10
IJT-8-94-g002;C0182576;10
IJT-8-94-g003;C0182576;10
SNI-7-607-g001;C0182576;10
sensors-13-06365f8;C0182576;10
EJD-9-508-g002;C0182576;10
jap-8-30-g004;C0182576;10
JETS-4-148-g002;C0182576;10
pcbi.1005350.g008;C0182576;10
CRIM.ORTHOPEDICS2013-946745.003;C0182576;10
2036-7902-5-S1-S12-8;C0182576;10
1746-4811-9-30-5;C0182576;10
tau-01-01-066-f1;C0182576;10
sensors-11-10798f16;C0182576;10
pone.0138610.g001;C0182576;10
pone.0089343.g001;C0182576;10
1471-2105-13-S3-S13-7;C0182576;10
kjn-12-144-g004;C0182576;10
IJOrtho-49-317-g004;C0182576;10
13047_2015_103_Fig4_HTML;C0182576;10
13047_2015_103_Fig6_HTML;C0182576;10
materials-09-00907-g005;C0182576;10
jkms-24-S115-g001;C0182576;10
1749-799X-4-11-5;C0182576;10
materials-08-01897-g007;C0182576;10
srep32278-f2;C0182576;10
s-20-00058-fig5;C0182576;10
CRIM.DENTISTRY2012-985215.001;C0182576;10
WJN-6-100-g003;C0182576;10
dpc0304a06g004;C0182576;10
CMMM2015-545809.006;C0182576;10
tropmed-94-1185-g002;C0182576;10
materials-03-00076-g006;C0182576;10
CRIOPM2016-6074968.006;C0182576;10
JOCR-5-77-g003;C0182576;10
jres.119.019f5;C0182576;10
AMS-4-162-g003;C0182576;10
261_2015_429_Fig9_HTML;C0182576;10
BMRI2015-547384.005;C0182576;10
jps0104-1658-f4;C0182576;10
12903_2017_349_Fig5_HTML;C0182576;10
1745-9974-1-8-1;C0182576;10
j-49-01904-fig7;C0182576;10
SRT2012-972069.013;C0182576;10
fneng-03-00008-g002;C0182576;10
pone.0044406.g002;C0182576;10
jap-8-137-g005;C0182576;10
TODENTJ-11-15_F4f;C0182576;10
gr7_PMC4307999;C0182576;10
JBB2012-806731.001;C0182576;10
jaos-20-06-0636-g01;C0182576;10
2050-5736-3-S1-P47-1;C0182576;10
2050-5736-3-S1-P47-3;C0182576;10
cureus-0008-000000000527-i02;C0182576;10
1556-276X-6-20-4;C0182576;10
iranjradiol-08-230-g003;C0182576;10
rjt01401;C0182576;10
elife-19568-fig9;C0182576;10
fncir-09-00025-g0004;C0182576;10
gr3_PMC5418891;C0182576;10
jaos-18-01-0044-g04;C0182576;10
jaos-18-01-0044-g05;C0182576;10
TSWJ2014-841549.002;C0182576;10
fendo-02-00001-g001;C0182576;10
gr1_PMC5067295;C0182576;10
CCR-8-192_F4;C0182576;10
PAMJ-18-341-g002;C0182576;10
pone.0051807.g002;C0182576;10
kjhep-17-106-g001;C0182576;10
kjhep-17-106-g002;C0182576;10
jmdh-7-011Fig5;C0504958;11
cp-2011-1-e6-g003;C3873256;12
SJG-19-45-g004;C3873256;12
FVVinObGyn-6-68-74-g001;C3873256;12
crg0003-0043-f04;C3873256;12
gr3_PMC3825993;C3873256;12
gr4_PMC3825993;C3873256;12
12885_2016_2763_Fig3_HTML;C3873256;12
12885_2016_2763_Fig4_HTML;C3873256;12
CRIM2017-3919635.004;C3873256;12
cjc-33-02-087-g001;C3873256;12
cjc-33-02-087-g002;C3873256;12
srep11000-f6;C3873256;12
gr3a_PMC4891583;C0348272;13
gr3c;C0348272;13
gr4_PMC4891583;C0348272;13
PAMJ-12-32-g003;C0348272;13
tmh-39-1-suppl_1-3-g108;C0348272;13
tmh-39-1-suppl_1-3-g127;C0348272;13
cln63_1p0085f2;C0829852;14
cln63_1p0085f3a;C0829852;14
cln63_1p0085f4;C0829852;14
cln63_1p0085f5;C0829852;14
10.1177_1941738109343653-fig1;C1294237;15
10.1177_1941738109343653-fig2;C1294237;15
10.1177_1941738109343653-fig5;C1294237;15
08-1635-F;C1294237;15
IDOJ-5-441-g002;C1294237;15
trd-75-75-g001;C1294237;15
trd-75-75-g002;C1294237;15
JRMS-19-495-g002;C1294237;15
JCB-5-20568-g002;C3203638;16
gr1a_PMC4895073;C3203638;16
gr1b_PMC4895073;C3203638;16
gr1c_PMC4895073;C3203638;16
gr1d_PMC4895073;C3203638;16
gr1e;C3203638;16
JNRP-4-121-g002;C1289056;17
AIAN-15-60-g001;C1289056;17
1744-859X-6-16-2;C1289056;17
JPN-7-205-g001;C1289056;17
JPN-7-205-g002;C1289056;17
JPN-7-205-g003;C1289056;17
mjm9_1p39f1;C1289056;17
jkns-54-68-g002;C1289056;17
poljradiol-75-3-47-g001;C1289056;17
SNI-7-893-g001;C1289056;17
oaem-8-029Fig1;C1289056;17
AJNS-10-246-g001;C1289056;17
jvs-7-203-g003;C1289056;17
13244_2013_302_Fig2_HTML;C1289056;17
13244_2013_302_Fig9_HTML;C1289056;17
jocmr-01-181-g002;C1289056;17
crn0003-0214-f01;C1289056;17
crn-0008-0151-g02;C1289056;17
1752-1947-4-308-1;C1289056;17
VSU-45-436-g004;C1289056;17
VSU-45-436-g008;C1289056;17
ccr30002-0108-f1;C1289056;17
ccr30002-0108-f2;C1289056;17
JVIM-29-0997-g003;C1289056;17
JCIS-2-60-g001;C1289056;17
rb-48-02-0101-g07;C1289056;17
jkms-20-335-g001;C1289056;17
mjm-1301-031-g005;C1289056;17
JNRP-3-422-g001;C1289056;17
13256_2016_973_Fig1_HTML;C1289056;17
umj8001-028-f2a;C1289056;17
gr2a_PMC4891617;C1289056;17
gr2b_PMC4891617;C1289056;17
rjw184f02;C1289056;17
AIAN-15-130-g001;C1289056;17
crg-0007-0208-g02;C1289056;17
702_2010_498_Fig6_HTML;C1289056;17
crn-0007-0026-g01;C1289056;17
247_2009_1459_Fig1_HTML;C1289056;17
247_2009_1459_Fig2_HTML;C1289056;17
JO2009-876138.002;C2073957;18
jocmr-07-356-g001;C0035143;19
aps-43-590-g003;C0035143;19
GJHS-4-51-g006;C0035143;19
GJHS-4-51-g007;C0035143;19
AnnGastroenterol-28-289-g001;C0035143;19
IJO-64-786-g002;C0035143;19
dp0502a10g003;C0035143;19
AMS-AD-1-27617-g004;C0035143;19
AMS-AD-1-27617-g005;C0035143;19
gox-3-e291-g004;C0035143;19
cop-0005-0121-g02;C0035143;19
JCAS-6-217-g009;C0035143;19
cde-0005-0120-g01;C0035143;19
tox-29-S3049-g002;C0035143;19
1757-1626-0002-0000007501-001;C0035143;19
TODENTJ-5-179_F13;C0035143;19
crj-03-053-g001;C0035143;19
crj-03-053-g004;C0035143;19
1756-3305-2-63-1;C0035143;19
jgc-10-03-302-g001;C0035143;19
IJT-5-170-g008;C0035143;19
IJCIIS-5-132-g001;C0035143;19
IJD-58-405c-g002;C0035143;19
IJT-2-60-g002;C0035143;19
HV-16-104-g001;C0035143;19
bjsports-2011-090838f04;C0035143;19
10-1055-s-0035-1547330-i140074-2;C0035143;19
ijcpd-07-069-g001;C0035143;19
ndt-10-695Fig2;C0035143;19
edmcr-2016-160063-g003;C0035143;19
1749-8090-4-29-4;C0035143;19
pone.0078572.g010;C0035143;19
ACA-18-265-g001;C0035143;19
kcj-43-561-g001;C0035143;19
cr-03-232-g001;C0035143;19
crg0004-0421-f03;C0035143;19
omw00101;C0035143;19
gr6_PMC3814948;C0035143;19
IPRS-01-11-g-001;C0035143;19
CRIOT2014-368920.006;C0035143;19
ni-2016-2-6617-g001;C0035143;19
IDOJ-4-380-g002;C0035143;19
amjcaserep-15-60-g001;C0035143;19
1752-1947-1-147-3;C0035143;19
hi-2011-2-e22-g002;C0035143;19
ISRN.OPHTHALMOLOGY2011-456191.002;C0035143;19
12471_2015_719_Fig1_HTML;C0035143;19
CRM2009-573981.001;C0035143;19
JCHIMP-6-30460-g001;C0035143;19
jmdh-7-011Fig2;C0035143;19
1749-799X-3-3-2;C0035143;19
cr-04-199-g003;C0035143;19
13018_2016_427_Fig1_HTML;C0035143;19
IJRI-20-109-g001;C0035143;19
IJRI-20-109-g003;C0035143;19
gr1_PMC5103059;C0035143;19
ijpr-11-1191-g001;C0035143;19
imcrj-4-049f1b;C0035143;19
NAJMS-7-33-g002;C0035143;19
HV-15-46-g001;C0035143;19
IDOJ-7-558-g001;C0035143;19
1757-1626-1-105-1;C0035143;19
CRIC2015-703646.002;C0035143;19
13013_2016_98_Fig1_HTML;C0035143;19
CRIM2016-2312078.002;C0035143;19
MSI2013-102454.001;C0035143;19
IPC-12-1-g009;C0035143;19
ad-24-238-g001;C0035143;19
508_2016_1007_Fig1_HTML;C0035143;19
12861_2015_96_Fig3_HTML;C0035143;19
1749-8090-7-109-1;C0035143;19
APC-6-182-g002;C0035143;19
LJM-2-103-g001;C0035143;19
CCR-10-229_F1;C0035143;19
CCR-10-229_F6;C0035143;19
abd-88-05-0832-g02;C0035143;19
pbio.0060271.g001;C0035143;19
pone.0100005.g003;C0035143;19
2046-0481-57-2-103-5;C0035143;19
kjim-17-1-45-8f2;C0035143;19
kcj-42-355-g001;C0035143;19
kcj-42-355-g004;C0035143;19
jpr-8-335Fig3;C0035143;19
kjtcs-44-294-g001;C0035143;19
jgc-08-04-258-g001;C0035143;19
pone.0107132.g005;C0035143;19
DENTISTRY2011-340960.001;C0035143;19
DENTISTRY2011-340960.006;C0035143;19
AJC-15-605-g003;C0035143;19
OL-08-02-0726-g00;C0035143;19
13256_2016_1063_Fig5_HTML;C0035143;19
NAJMS-6-481-g002;C0035143;19
1757-1626-1-355-1;C0035143;19
IJPD-21-045-g003;C0035143;19
gr3_PMC5419531;C0035143;19
wjem-10-303f1;C0035143;19
pone.0070411.g003;C0035143;19
CRIM.PSYCHIATRY2012-585303.001;C0035143;19
12872_2016_249_Fig1_HTML;C0035143;19
PWKI-9-21401-g002;C0035143;19
IJD-59-262-g009;C0035143;19
imcrj-10-193Fig4;C0035143;19
IJCCM-19-547-g002;C0035143;19
gkq447f2;C0035143;19
abd-91-05-s1-0057-g01;C0035143;19
TOCMJ-10-205_F1;C0035143;19
acfs-17-119-g001;C0035143;19
kcj-39-205-g004;C0035143;19
kcj-43-766-g001;C0035143;19
PAMJ-17-150-g006;C0035143;19
CRIC2016-5498650.001;C0035143;19
rjw090f01;C0035143;19
DialoguesClinNeurosci-10-482-g001;C0035143;19
OC-07-02-g-002;C0035143;19
CRIC2015-364780.001;C0035143;19
40902_2015_1_Fig2_HTML;C0035143;19
12471_2015_732_Fig1_HTML;C0035143;19
JCB.15056f3;C0035143;19
12872_2017_565_Fig1_HTML;C0035143;19
hr-2015-3-5941-g002;C0035143;19
kcj-39-213-g001;C0035143;19
10-1055-s-0036-1584266-i0423or-1;C0035143;19
10-1055-s-0036-1584266-i0423or-2;C0035143;19
ECAM2015-496485.003;C0035143;19
amjcaserep-14-430-g001;C0035143;19
1749-8090-9-15-1;C0035143;19
rbhh-34-156-g01;C0035143;19
PAMJ-14-56-g001;C0035143;19
aps-40-542-g001;C0035143;19
aps-40-542-g003;C0035143;19
AMHSR-4-152-g001;C0035143;19
CRIC2016-8671015.001;C0035143;19
kcj-43-500-g001;C0035143;19
CRIM2014-742905.001;C0035143;19
opth-7-2165Fig17;C0035143;19
cr-03-236-g001;C0035143;19
jgc-12-03-313-g004;C0035143;19
IJEM-20-892-g002;C0035143;19
IDOJ-5-236-g004;C0035143;19
isd-46-223-g001;C0035143;19
isd-46-223-g004;C0035143;19
IJD-60-638f-g002;C0035143;19
fphys-05-00149-g0004;C0035143;19
ce-47-346-g004;C0035143;19
IJCIIS-1-161-g001;C0035143;19
10195_2012_185_Fig1_HTML;C0035143;19
abc-108-05-0473-g04;C0035143;19
JMedLife-03-242-g001;C0035143;19
kjae-59-S110-g001;C0035143;19
kjped-58-37-g002;C0035143;19
abd-92-01-0121-gf01;C0035143;19
BMRI2014-586060.001;C0035143;19
NAJMS-8-259-g001;C0035143;19
12471_2011_201_Fig2_HTML;C0035143;19
cop-0003-0185-g01;C0035143;19
gr-07-023-g007;C0035143;19
CRIM.CARDIOLOGY2013-897813.002;C0035143;19
CRIM.CARDIOLOGY2013-897813.003;C0035143;19
TOCMJ-5-99_F1;C0035143;19
cmc-2009-125f1;C0035143;19
wjem-18-601-g001;C0035143;19
wjem-18-601-g002;C0035143;19
wjem-18-601-g004;C0035143;19
12328_2013_445_Fig5_HTML;C0035143;19
13008_2016_25_Fig6_HTML;C0035143;19
gr1_PMC4823566;C0035143;19
1349-7235-56-0157-g001a;C0035143;19
CRIM2015-249015.001;C2952246;20
PAMJ-12-72-g003;C2826238;21
pone.0136690.g006;C2826238;21
595_2012_140_Fig1_HTML;C2826238;21
CRIM.ORTHOPEDICS2012-208946.001;C2826238;21
1471-2490-1-3-3;C2826238;21
vsi-32-065f2;C2348930;22
tp201597f3;C2348930;22
PWKI-12-28129-g001;C1299445;23
kcj-46-107-g002;C1299445;23
2176-9451-dpjo-21-01-00067-gf04;C1261153;24
sensors-12-01148f9;C1261153;24
isd-44-43-g004;C1261153;24
cureus-0007-000000000281-i07;C1261153;24
ymj-57-1178-g002;C1261153;24
ijcp-09-03-6233-g001;C1261153;24
CRID2015-437412.008;C1261153;24
TODENTJ-9-287_F4;C1261153;24
TODENTJ-9-287_F5;C1261153;24
sensors-09-02478f3;C1261153;24
ARI2011-378431.001;C1261153;24
12891_2016_1193_Fig2_HTML;C1261153;24
BMRI2015-517369.001;C1261153;24
asj-10-1079-g001;C1261153;24
asj-10-1079-g002;C1261153;24
AMHSR-6-335-g001;C1261153;24
CRIM.DENTISTRY2013-851413.003;C1261153;24
enm-30-481-g003;C1261153;24
cios-4-77-g001;C1261153;24
eplasty08e37_fig2;C1261153;24
12871_2016_267_Fig1_HTML;C1261153;24
12968_2015_4291_Fig1_HTML;C1261153;24
EJD-10-64-g002;C1261153;24
can-7-303fig1;C1261153;24
gr5_PMC4799351;C1261153;24
cios-8-437-g003;C1261153;24
medi-95-e5404-g002;C1261153;24
gr3_PMC4487435;C1261153;24
pone.0108328.g005;C1261153;24
medi-94-e1299-g002;C1261153;24
pone.0130141.g001;C1261153;24
1471-2415-7-19-3;C1261153;24
sensors-07-03399f4;C1261153;24
pone.0117251.g001;C1261153;24
pone.0117251.g002;C1261153;24
1471-2377-6-22-3;C1261153;24
JISP-18-451-g001;C1261153;24
jpts-27-2333-g001;C1261153;24
1476-7120-4-5-1;C1261153;24
AORTH2016-4961846.005;C1261153;24
aob-21-098-g03;C1261153;24
10.1177_2325967116672852-fig1;C1261153;24
10.1177_2325967116672852-fig2;C1261153;24
gr1_PMC4974101;C1261153;24
pone.0125541.g004;C1261153;24
40064_2016_3017_Fig1_HTML;C1261153;24
40064_2016_3017_Fig2_HTML;C1261153;24
40064_2016_3017_Fig3_HTML;C1261153;24
40064_2016_3017_Fig4_HTML;C1261153;24
pone.0020246.g001;C1261153;24
gcsp-2015-05-050-g001;C1261153;24
gcsp-2015-05-050-g005;C1261153;24
TODENTJ-3-132_F1;C1261153;24
pone.0061399.g001;C1261153;24
1678-7757-jaos-15-02-0115-gf01;C1261153;24
IJPVM-4-85-g001;C1261153;24
IJPVM-4-85-g002;C1261153;24
cureus-0007-000000000370-i03;C1261153;24
pone.0140472.g001;C1261153;24
jhype-32-149-g001;C1261153;24
TJO-45-239-g5;C1261153;24
copd-10-2525Fig1;C1261153;24
copd-10-2525Fig2;C1261153;24
medscimonit-22-3614-g001;C1261153;24
TORMJ-3-31_F4;C1261153;24
JVIM-28-624-g001;C1261153;24
10554_2010_9783_Fig2_HTML;C1261153;24
10554_2010_9783_Fig3_HTML;C1261153;24
1750-1172-9-96-5;C1261153;24
pone.0162270.g001;C1261153;24
10.1177_2325967114525583-fig2;C1261153;24
pone.0153817.g002;C1261153;24
gr2_PMC4750017;C1261153;24
ORT-0300-9734-082-699_g002;C1261153;24
IJOrtho-46-455-g004;C1261153;24
jaos-19-02-0175-g01;C1261153;24
jaos-19-02-0175-g02;C1261153;24
AJUM-18-118-g001;C1261153;24
AJUM-18-118-g003;C1261153;24
AJUM-18-118-g004;C1261153;24
JCAS-9-93-g001;C1261153;24
gr1_PMC4799380;C1261153;24
gr2_PMC4799380;C1261153;24
gr4_PMC4799380;C1261153;24
IJRI-23-92-g006;C1261153;24
medscimonit-22-580-g002;C1261153;24
emss-66343-f0001;C1261153;24
JISP-14-160-g003;C1261153;24
JISP-14-160-g004;C1261153;24
JISP-14-160-g005;C1261153;24
JISP-14-160-g006;C1261153;24
JISP-14-160-g007;C1261153;24
JISP-14-160-g015;C1261153;24
JISP-14-160-g016;C1261153;24
JISP-14-160-g017;C1261153;24
CMJ-129-1584-g005;C1261153;24
medoral-18-e564-g001;C1261153;24
TSWJ2014-502836.001;C1261153;24
SNI-6-112-g003;C1261153;24
CRIM.CARDIOLOGY2012-704098.002;C1261153;24
12891_2013_Article_2218_Fig1_HTML;C1261153;24
BMRI2014-365982.001;C1261153;24
kjod-43-209-g003;C1261153;24
SNI-2-91-g001;C1261153;24
JCIS-4-2-g006;C1261153;24
ebsj01041-2;C1261153;24
cc11336-5;C1261153;24
cc11336-6;C1261153;24
13018_2016_476_Fig1_HTML;C1261153;24
rado-48-02-105f4;C1261153;24
cvja-20-113-g001;C1261153;24
1471-2474-15-72-1;C1261153;24
mrms-15-371-g1;C1261153;24
copd-8-509Fig2;C1261153;24
40064_2015_1212_Fig2_HTML;C1261153;24
medi-95-e5323-g001;C1261153;24
medi-95-e5323-g002;C1261153;24
PD2010-295346.001;C1261153;24
1471-213X-11-28-1;C1261153;24
kjae-60-47-g003;C1261153;24
1471-2474-13-259-1;C1261153;24
pone.0117122.g002;C1261153;24
pone.0124980.g001;C1261153;24
701_2016_2777_Fig3_HTML;C1261153;24
701_2016_2777_Fig4_HTML;C1261153;24
1472-6807-9-49-3;C1261153;24
kjn-11-52-g001;C1261153;24
264_2013_2005_Fig1_HTML;C1261153;24
TOMINFOJ-2-21_F10;C1261153;24
isd-45-41-g001;C1261153;24
dddt-7-981Fig4;C1261153;24
1679-4508-eins-14-03-0378-gf02;C1261153;24
kjim-2014-380f1;C1261153;24
kjim-2014-380f2;C1261153;24
bcbcr-2011-043f3;C1261153;24
586_2012_2222_Fig1_HTML;C1261153;24
586_2012_2222_Fig2_HTML;C1261153;24
1746-6148-10-12-2;C1261153;24
1746-6148-10-12-3;C1261153;24
1746-6148-10-12-4;C1261153;24
1746-6148-10-12-5;C1261153;24
JoU-2013-0049-g008;C1261153;24
fped-04-00042-g001;C1261153;24
kju-55-47-g001;C1261153;24
BMRI2015-613247.001;C1261153;24
1471-2474-14-260-1;C1261153;24
2186-3326-77-0425-g003;C1261153;24
1476-7120-6-59-1;C1261153;24
12905_2016_297_Fig1_HTML;C1261153;24
abc-105-06-0566-g01;C1261153;24
eplasty16e12_fig3;C1261153;24
IJRI-24-350-g006;C1261153;24
JOD-12-756-g001;C1261153;24
1475-2840-11-83-1;C1261153;24
IJD2011-953135.002;C1261153;24
pone.0121291.g001;C1261153;24
JISP-16-129-g007;C1261153;24
1757-1146-5-5-1;C1261153;24
IJD2016-1473918.006;C1261153;24
11282_2014_165_Fig1_HTML;C1261153;24
192_2016_3150_Fig2_HTML;C1261153;24
12885_2016_2979_Fig1_HTML;C1261153;24
pone.0156578.g002;C1261153;24
nihms632709f3;C1261153;24
1414-431X-bjmbr-47-10-00842-gf001;C1261153;24
13023_2016_529_Fig2_HTML;C1261153;24
ORT-85-408-g001;C1261153;24
ORT-85-408-g002;C1261153;24
sensors-10-10339f4;C1261153;24
pone.0147528.g001;C1261153;24
1746-160X-7-8-1;C1261153;24
jomr-07-e5-g004;C1261153;24
jpis-42-39-g004;C1261153;24
jpis-42-39-g005;C1261153;24
pone.0126646.g001;C1261153;24
JOPH2015-520418.002;C1261153;24
JOPH2015-520418.003;C1261153;24
12882_2015_40_Fig1_HTML;C1261153;24
ipc-18-9-g001;C1261153;24
ndtplussfr135f01_ht;C1261153;24
rcse9404-256-01;C1261153;24
asj-10-20-g001;C1261153;24
pone.0117939.g001;C1261153;24
kjae-68-481-g001;C1261153;24
11999_2010_1372_Fig1_HTML;C1261153;24
sensors-14-01835f2;C1261153;24
JISP-19-290-g004;C1261153;24
JISP-19-290-g005;C1261153;24
CRP2010-539538.003;C1261153;24
JCB-5-20587-g004;C1261153;24
ci10909208;C1261153;24
TOORTHJ-9-98_F1;C1261153;24
13018_2015_260_Fig3_HTML;C1261153;24
13018_2015_260_Fig6_HTML;C1261153;24
fbioe-02-00077-g002;C1261153;24
jkns-53-218-g001;C1261153;24
sensors-14-03362f7;C1261153;24
sensors-16-00714-g002;C1261153;24
jls9991535430002;C1261153;24
12917_2015_524_Fig2_HTML;C1261153;24
JBMR-31-1855-g001;C1261153;24
1757-1146-5-3-1;C1261153;24
1757-1146-5-3-2;C1261153;24
1757-1146-5-3-3;C1261153;24
IJSS-9-14444-2008-g001;C1261153;24
IJSS-9-14444-2008-g002;C1261153;24
iej-03-137-g002;C1261153;24
pmed.0020214.g001;C1261153;24
40575_2016_39_Fig1_HTML;C1261153;24
JISP-16-54-g003;C1261153;24
1413-7852-aob-24-03-00127-gf1;C1261153;24
JFDS-8-95-g002;C1261153;24
f120030-1;C1261153;24
464_2011_2057_Fig3_HTML;C1261153;24
pone.0162940.g001;C1261153;24
pone.0162940.g002;C1261153;24
pone.0162940.g003;C1261153;24
40064_2016_3553_Fig1_HTML;C1261153;24
12880_2015_84_Fig5_HTML;C1261153;24
12880_2015_84_Fig6_HTML;C1261153;24
12880_2015_84_Fig7_HTML;C1261153;24
12880_2015_84_Fig8_HTML;C1261153;24
ci13002605;C1261153;24
asj-9-721-g001;C1261153;24
BMRI2015-456858.001;C1261153;24
1472-6920-13-143-1;C1261153;24
10-1055-s-0033-1347132-i1300002cr-2;C1261153;24
10-1055-s-0033-1347132-i1300002cr-3;C1261153;24
10-1055-s-0033-1347132-i1300002cr-4;C1261153;24
10-1055-s-0033-1347132-i1300002cr-5;C1261153;24
jap-7-51-g002;C1261153;24
1476-5918-8-3-1;C1261153;24
pone.0068925.g002;C1261153;24
1476-7120-8-19-1;C1261153;24
ipej050279-01;C1261153;24
TOORTHJ-6-133_F2a;C1261153;24
ijir201533f2;C1261153;24
gr1b_PMC4895065;C1261153;24
jgo-26-201-g001;C1261153;24
jgo-26-201-g002;C1261153;24
pone.0132902.g001;C1261153;24
40942_2016_31_Fig1_HTML;C1261153;24
pone.0154443.g001;C1261153;24
1471-213X-6-54-5;C1261153;24
jbm-23-85-g002;C1261153;24
cc3799-1;C1261153;24
JOPH2015-510459.002;C1261153;24
srep32352-f6;C1261153;24
1471-230X-14-15-2;C1261153;24
jkms-22-S61-g002;C1261153;24
AJC-16-55-g001;C1261153;24
JOD-12-513-g006;C1261153;24
1556-276X-5-1360-2;C1261153;24
jap-1-118-g001;C1261153;24
JISP-20-441-g009;C1261153;24
12947_2014_543_Fig5_HTML;C1261153;24
1746-6148-10-116-3;C1261153;24
ci07001201;C1261153;24
ci07001202;C1261153;24
13014_2014_310_Fig1_HTML;C1261153;24
IJOrtho-50-610-g002;C1261153;24
IJRI-18-326-g022;C1261153;24
asj-9-170-g002;C1261153;24
JMedLife-09-126-g001;C1261153;24
aps-40-630-g001;C1261153;24
JFDS-8-40-g001;C1261153;24
cios-6-318-g002;C1261153;24
kjod-44-119-g003;C1261153;24
ogs-58-1-g001;C1261153;24
EJD-9-490-g002;C1261153;24
JISP-18-656-g006;C1261153;24
jkns-59-250-g005;C1261153;24
jpts-25-689-g002;C1261153;24
a11-fig10;C1261153;24
12968_2014_93_Fig1_HTML;C1261153;24
TJO-46-30-g4;C1261153;24
JoU-2016-0023-g007;C1261153;24
JIAPS-17-49-g001;C1261153;24
acfs-17-128-g002;C1261153;24
1741-7007-9-16-3;C1261153;24
12968_2015_160_Fig2_HTML;C1261153;24
JPBS-7-131-g001;C1261153;24
JPBS-7-131-g002;C1261153;24
CRIS2015-679097.003;C1261153;24
1748-717X-3-39-1;C1261153;24
NEURIMMINFL2013000034FF1;C1261153;24
jls0021127220003;C1261153;24
aps-39-470-g001;C1261153;24
f00020-2;C1261153;24
lar-29-138-g001;C1261153;24
kjod-46-81-g001;C1261153;24
kjod-46-81-g002;C1261153;24
kcj-40-114-g001;C1261153;24
JVIM-28-1860-g003;C1261153;24
JIAPS-19-10-g002;C1261153;24
10.1177_2325967114549541-fig1;C1261153;24
pone.0151773.g001;C1261153;24
jds-16-58-g002;C1261153;24
13244_2012_214_Fig3_HTML;C1261153;24
kjod-44-54-g004;C1261153;24
kjod-44-54-g005;C1261153;24
247_2010_1858_Fig2_HTML;C1261153;24
pone.0131120.g003;C1261153;24
pone.0050224.g001;C1261153;24
JISP-20-57-g002;C1261153;24
IJA-60-775-g002;C1261153;24
10554_2010_9784_Fig2_HTML;C1261153;24
jvs-16-517-g001;C1261153;24
dpjo-19-03-0036-g02;C1261153;24
dpjo-19-03-0036-g04;C1261153;24
srep31057-f1;C1261153;24
ijos201225f1;C1261153;24
JOMFP-18-54-g007;C1261153;24
JOMFP-18-54-g008;C1261153;24
jvs-17-243-g001;C1261153;24
IJSS-9-114-g006;C1261153;24
JPI-5-44-g001;C1261153;24
CSBJ-6-e201303005-g005;C1261153;24
kjp-23-11-g002;C1261153;24
AMHSR-3-44-g003;C1261153;24
AJC-15-542-g001;C1261153;24
10.1177_2050312116661683-fig1;C1261153;24
medscimonit-21-1031-g003;C1261153;24
PAMJ-19-136-g003;C1261153;24
330_2011_2073_Fig2_HTML;C1261153;24
SNI-5-59-g001;C1261153;24
DRJ-12-83-g001;C1261153;24
JAH3-5-e003064-g002;C1261153;24
ksrr-24-25-g001;C1261153;24
JoU-2014-0028-g001;C1261153;24
JoU-2014-0028-g002;C1261153;24
IJEM-18-585-g001;C1261153;24
ci11001501;C1261153;24
2045-709X-21-26-3;C1261153;24
10.1177_2051415816656120-fig1;C1261153;24
2176-9451-dpjo-20-05-00028-gf05;C1261153;24
medi-95-e4647-g001;C1261153;24
AJUM-16-098-g053;C1261153;24
IJDDC-28-38-g001;C1261153;24
PC-3-363-g001;C1261153;24
medi-95-e3723-g001;C1261153;24
hnv084f1p;C1261153;24
hnv084f3p;C1261153;24
jkms-19-32-g001;C1261153;24
openhrt2016000465f01;C1261153;24
1471-2474-10-25-1;C1261153;24
1471-2474-6-60-8;C1261153;24
brs-40-e1315-g005;C1261153;24
10434_2015_4562_Fig1_HTML;C1261153;24
pone.0115746.g002;C1261153;24
sensors-16-02173-g004;C1261153;24
pone.0130648.g003;C1261153;24
jkaoms-42-139-g001;C1261153;24
13019_2015_315_Fig1_HTML;C1261153;24
12977_2014_94_Fig7_HTML;C1261153;24
biosensors-06-00026-g013;C1261153;24
hnw014f1p;C1261153;24
ccide-8-015Fig7;C1261153;24
rde-37-136-g004;C1261153;24
1748-7161-10-S1-P14-1;C1261153;24
asj-8-591-g001;C1261153;24
asj-8-591-g002;C1261153;24
JISP-16-80-g002;C1261153;24
CRIOG2014-518398.001;C1261153;24
1757-7241-21-37-1;C1261153;24
IJEM-17-864-g002;C1261153;24
IJEM-17-864-g003;C1261153;24
IJEM-17-864-g004;C1261153;24
sensors-09-01306f2;C1261153;24
rsta20140256-g8;C1261153;24
1746-4358-4-5-8;C1261153;24
SNI-6-11-g003;C1261153;24
SNI-6-11-g004;C1261153;24
or-2014-2-5336-g002;C1261153;24
gr2_PMC4783667;C1261153;24
ijs0005-0434-f1;C1261153;24
ijs0005-0434-f2;C1261153;24
atr-04-03-29301-g001;C1261153;24
atr-04-03-29301-g002;C1261153;24
atr-04-03-29301-g003;C1261153;24
atr-04-03-29301-g004;C1261153;24
238_2012_805_Fig2_HTML;C1261153;24
ymj-56-1395-g005;C1261153;24
11832_2016_774_Fig1_HTML;C1261153;24
bonejointres-05-436-g003;C1261153;24
bonejointres-05-436-g004;C1261153;24
192_2011_1421_Fig1_HTML;C1261153;24
192_2011_1421_Fig2_HTML;C1261153;24
192_2011_1421_Fig3_HTML;C1261153;24
JOS-3-34-g001;C1261153;24
405_2010_1380_Fig3_HTML;C1261153;24
1546-0096-8-14-8;C1261153;24
CRIM.OTOLARYNGOLOGY2013-836064.001;C1261153;24
CRIM.OTOLARYNGOLOGY2013-836064.004;C1261153;24
usg-15007-f4;C1261153;24
SaudiMedJ-35-1231-g001;C1261153;24
1471-2482-14-3-3;C1261153;24
12968_2015_184_Fig1_HTML;C1261153;24
12968_2015_184_Fig2_HTML;C1261153;24
hp-28-104-g001;C1261153;24
hp-28-104-g002;C1261153;24
hp-28-104-g003;C1261153;24
medscimonit-22-4523-g001;C1261153;24
40510_2015_79_Fig1_HTML;C1261153;24
asj-8-405-g001;C1261153;24
10.1177_2058460116651899-fig1;C1261153;24
openhrt2014000136f03;C1261153;24
40902_2016_96_Fig4_HTML;C1261153;24
12891_2016_1282_Fig2_HTML;C1261153;24
12891_2016_1282_Fig3_HTML;C1261153;24
13244_2011_76_Fig6_HTML;C1261153;24
ABJS-3-99_F1;C1261153;24
aob-20-180-g01;C1261153;24
CRIS2015-954804.001;C1261153;24
12548_2013_89_Fig7_HTML;C1261153;24
12548_2013_89_Fig9_HTML;C1261153;24
biij-05-e8-g01;C1261153;24
ijn-7-5769f6;C1261153;24
ECAM2015-620785.001;C1261153;24
IJVM2016-3610705.002;C1261153;24
IJVM2016-3610705.003;C1261153;24
JNRP-5-212-g001;C1261153;24
ISRN.DENTISTRY2012-290964.001;C1261153;24
srep17761-f1;C1261153;24
iranjradiol-13-02-34870-g001;C1261153;24
JoU-2016-0014-g002;C1261153;24
ARTHRITIS2015-852989.001;C1261153;24
1471-2474-13-159-1;C1261153;24
CCD-3-118-g005;C1261153;24
12891_2015_585_Fig1_HTML;C1261153;24
moj-10-016-f2;C1261153;24
10.1177_1947603514529587-fig1;C1261153;24
pone.0049051.g006;C1261153;24
cln-66-08-1413-g004;C1261153;24
2047-783X-15-5-210-1;C1261153;24
2047-783X-15-5-210-2;C1261153;24
ci08000606;C1261153;24
TSWJ2012-379316.003;C1261153;24
1751-0147-52-36-1;C1261153;24
1751-0147-52-36-3;C1261153;24
aps-42-250-g004;C1261153;24
1824-7288-36-70-2;C1261153;24
1824-7288-36-70-3;C1261153;24
1749-799X-8-20-1;C1261153;24
medi-94-e756-g003;C1261153;24
i1552-5783-57-4-1826-f03;C1261153;24
phy20001-e00091-f2;C1261153;24
phy20001-e00091-f3;C1261153;24
AJUM-17-89-g001;C1261153;24
pone.0141021.g001;C1261153;24
JIOH-6-47-g001;C1261153;24
JIOH-6-47-g002;C1261153;24
eplasty10e55_fig2;C1261153;24
gr3_PMC5643736;C1261153;24
JFDS-4-58-g002;C1261153;24
medi-95-e3957-g002;C1261153;24
pone.0063713.g003;C1261153;24
imcrj-8-255Fig2;C1261153;24
1749-799X-9-44-1;C1261153;24
aps-42-695-g002;C1261153;24
10545_2013_9585_Fig1_HTML;C1261153;24
10545_2013_9585_Fig2_HTML;C1261153;24
SCI2016-9010279.008;C1261153;24
pone.0139553.g003;C1261153;24
ORT-0300-9734-082-333_g003;C1261153;24
eplasty11e20_fig6;C1261153;24
2045-8118-8-5-1;C1261153;24
SAS-5-2010-09-004-g001;C1261153;24
SAS-5-2010-09-004-g002;C1261153;24
pone.0115690.g004;C1261153;24
CRID2015-817989.005;C1261153;24
AIM-23-147-g001;C1261153;24
13018_2016_383_Fig3_HTML;C1261153;24
1476-7120-10-28-1;C1261153;24
PWKI-9-21409-g002;C1261153;24
CCD-7-434-g004;C1261153;24
pone.0075085.g001;C1261153;24
medoral-21-e380-g001;C1261153;24
rrt07601;C1261153;24
inj-17-67-g001;C1261153;24
1471-2415-14-93-1;C1261153;24
pone.0029692.g001;C1261153;24
PR-4-203-g002;C1261153;24
1754-9493-7-25-6;C1261153;24
v112.n05.a02f4;C1261153;24
jls0031330320001;C1261153;24
pone.0154349.g003;C1261153;24
jomr-06-e4-g001;C1261153;24
11657_2011_58_Fig2_HTML;C1261153;24
kjod-43-134-g003;C1261153;24
ceo-4-27-g001;C1261153;24
iort-87-169.01;C1261153;24
usg-16026-f1;C1261153;24
gr4_PMC4812038;C1261153;24
12245_2010_181_Fig3_HTML;C1261153;24
pone.0049523.g001;C1261153;24
kjod-43-288-g003;C1261153;24
pone.0126842.g002;C1261153;24
asj-10-184-g003;C1261153;24
medscimonit-21-4015-g002;C1261153;24
1472-6807-9-29-7;C1261153;24
gr1_PMC4767825;C1261153;24
medi-95-e4443-g001;C1261153;24
materials-09-00567-g002;C1261153;24
fped-02-00124-g001;C1261153;24
fped-02-00124-g002;C1261153;24
fped-02-00124-g011;C1261153;24
ymj-58-241-g007;C1261153;24
IJOrtho-45-548-g002;C1261153;24
gox-2-e094-g004;C1261153;24
devrep-17-369-F2;C1261153;24
40510_2014_63_Fig6_HTML;C1261153;24
40510_2014_63_Fig7_HTML;C1261153;24
fphys-07-00283-g0001;C1261153;24
IJA-56-382-g003;C1261153;24
IJA-56-382-g004;C1261153;24
kjod-46-163-g005;C1261153;24
poljradiol-79-94-g001;C1261153;24
1532-429X-15-67-1;C1261153;24
10.1177_2325967116646360-fig1;C1261153;24
pone.0164825.g004;C1261153;24
dmj-38-120-g001;C1261153;24
jcu-22-23-g002;C1261153;24
ar4607-1;C1261153;24
JISP-19-537-g007;C1261153;24
pone.0167992.g001;C1261153;24
jvs-16-107-g003;C1261153;24
iort-87-36.F01;C1261153;24
40510_2013_22_Fig2_HTML;C1261153;24
11307_2011_522_Fig8_HTML;C1261153;24
JIOH-6-89-g002;C1261153;24
pone.0158800.g002;C1261153;24
1757-1146-3-29-1;C1261153;24
10195_2016_413_Fig1_HTML;C1261153;24
ETM-05-03-0917-g00;C1261153;24
SAS-5-2011-01-003-g005;C1261153;24
ijms-14-21266f4;C1261153;24
ymj-50-624-g001;C1261153;24
jaos-21-04-0358-g02;C1261153;24
gr2_PMC4887510;C1261153;24
gr3_PMC4887510;C1261153;24
HV-13-91-g001;C1261153;24
JISP-17-439-g002;C1261153;24
40064_2015_1543_Fig3_HTML;C1261153;24
nihms912772f2;C1261153;24
jcu-19-51-g004;C1261153;24
JPI-4-2-g005;C1261153;24
asj-10-75-g001;C1261153;24
asj-10-75-g002;C1261153;24
asj-10-75-g003;C1261153;24
JCVJS-7-243-g002;C1261153;24
JCVJS-7-243-g003;C1261153;24
JOPH2016-8497278.004;C1261153;24
JMedLife-08-115-g003;C1261153;24
ACA-18-613-g006;C1261153;24
ACA-18-613-g007;C1261153;24
ACA-18-613-g008;C1261153;24
ACA-18-613-g009;C1261153;24
pone.0128529.g003;C1261153;24
13047_2015_100_Fig1_HTML;C1261153;24
1471-2474-11-164-1;C1261153;24
dpjo-19-06-00078-gf04;C1261153;24
dpjo-19-06-00078-gf05;C1261153;24
gr2_PMC4956904;C1261153;24
NJS-22-70-g001;C1261153;24
12893_2014_560_Fig1_HTML;C1261153;24
asj-6-15-g001;C1261153;24
gox-3-e415-g015;C1261153;24
1465-9921-11-165-2;C1261153;24
1746-6148-8-129-1;C1261153;24
ARI2013-319710.002;C1261153;24
ARI2013-319710.003;C1261153;24
ci13005611;C1261153;24
ci12001303;C1261153;24
gr2_PMC4799489;C1261153;24
jpis-40-25-g001;C1261153;24
jap-5-494-g002;C1261153;24
IJPS-49-66-g001;C1261153;24
medi-94-e650-g001;C1261153;24
ipc-17-3-g003;C1261153;24
ipc-17-3-g004;C1261153;24
ipc-17-3-g005;C1261153;24
rjx035f03;C1261153;24
2036-7902-4-22-1;C1261153;24
2036-7902-4-22-3;C1261153;24
boe-2-1-100-g002;C1261153;24
boe-2-1-100-g017;C1261153;24
materials-08-05350-g008;C1261153;24
JFDS-8-110b-g002;C1261153;24
opth-10-1315Fig1;C1261153;24
2000047-galleyfig3;C1261153;24
1471-2431-14-98-1;C1261153;24
jkns-60-5-577f1;C1261153;24
JCIS-1-20-g003;C1261153;24
fped-05-00201-g008;C1261153;24
pone.0175706.g001;C1261153;24
zdb0110959160001;C1261153;24
art0063-3392-f1;C1261153;24
AJC-16-354-g001;C1261153;24
1746-4811-9-30-5;C1261153;24
NJS-20-59-g001;C1261153;24
gr1_PMC2764386;C1261153;24
ccide-7-033Fig1;C1261153;24
ccide-7-033Fig2;C1261153;24
gr1d_PMC4900119;C1261153;24
ijp-26-2968-g002;C1261153;24
40560_2016_206_Fig2_HTML;C1261153;24
SAS-2-2007-0119-RR-g002;C1261153;24
SAS-2-2007-0119-RR-g003;C1261153;24
IJBMS-14-465-g001;C1261153;24
pone.0129206.g003;C1261153;24
BMRI2015-129610.001;C1261153;24
BMRI2017-4153073.001;C1261153;24
10-1055-s-0037-1603934-i1602962-4;C1261153;24
12880_2016_160_Fig1_HTML;C1261153;24
TSWJ2014-489854.002;C1261153;24
TSWJ2014-489854.003;C1261153;24
TSWJ2014-489854.004;C1261153;24
TSWJ2014-489854.005;C1261153;24
cardiovascmed-04-02-25679-g001;C1261153;24
jced-8-e49-g001;C1261153;24
srep46303-f1;C1261153;24
1467-4866-6-77-1;C1261153;24
vetsci-02-00084-g001;C1261153;24
gox-4-e794-g001;C1261153;24
1477-5751-5-12-3;C1261153;24
medi-95-e2746-g002;C1261153;24
IJEM-17-716-g001;C1261153;24
GMS-08-20-g-003;C1261153;24
12891_2017_1512_Fig1_HTML;C1261153;24
CMJ-130-1610-g002;C1261153;24
gr1_PMC5122797;C1261153;24
gox-1-e49-g001;C1261153;24
cjc-33-02-087-g002;C1261153;24
JOS-6-28-g003;C1261153;24
12880_2015_51_Fig2_HTML;C1261153;24
12880_2015_51_Fig4_HTML;C1261153;24
1757-1626-0002-0000008330-002;C1261153;24
fnsys-08-00252-g0003;C1261153;24
11832_2014_610_Fig4_HTML;C1261153;24
11832_2014_610_Fig5_HTML;C1261153;24
40510_2014_Article_41_Fig1_HTML;C1261153;24
acfs-16-31-g002;C1261153;24
10.1177_2325967113496059-fig1;C1261153;24
CRIEM2015-385970.002;C1261153;24
hnv053f1p;C1261153;24
srep37572-f1;C1261153;24
rb-47-03-0149-g01;C1261153;24
rb-47-03-0149-g02;C1261153;24
rb-47-03-0149-g03;C1261153;24
rb-47-03-0149-g04;C1261153;24
CTR-29-697-g001;C1261153;24
1748-7161-2-4-1;C1261153;24
ORT-85-480-g001;C1261153;24
ORT-85-480-g002;C1261153;24
40119_2013_21_Fig2_HTML;C1261153;24
12968_2015_144_Fig2_HTML;C1261153;24
BMRI2014-386950.003;C1261153;24
jkms-27-184-g001;C1261153;24
JoU-2017-0015-g002;C1261153;24
ijwh-9-199Fig1;C1261153;24
1742-4755-8-32-1;C1261153;24
kjr-9-420-g003;C1261153;24
KITP-12-26534-g004;C1261153;24
pone.0033158.g003;C1261153;24
CDI2012-962923.002;C1261153;24
pone.0182080.g001;C1261153;24
jds-15-187-g001;C1261153;24
13089_2016_44_Fig1_HTML;C1261153;24
CRIM.EM2012-690598.002;C1261153;24
11701_2013_443_Fig1_HTML;C1261153;24
jpis-44-216-g003;C1261153;24
OAMJMS-5-630-g001;C1261153;24
acn30002-0012-f1;C1261153;24
2196-1042-14-5-6;C1261153;24
ijmsv11p0234g002;C1261153;24
13018_2015_279_Fig1_HTML;C1261153;24
13018_2015_279_Fig2_HTML;C1261153;24
13018_2015_279_Fig3_HTML;C1261153;24
sensors-12-09773f6;C1261153;24
ijp-26-04-6189-g001;C1261153;24
kjpain-24-87-g001;C1261153;24
kjpain-24-87-g002;C1261153;24
opth-11-1513Fig2;C1261153;24
gr2_PMC5290126;C1261153;24
sensors-15-28177-g004;C1261153;24
sensors-15-28177-g006;C1261153;24
1677-5538-ibju-42-05-0973-gf01;C1261153;24
12872_2015_181_Fig1_HTML;C1261153;24
SAJC-2-132-g002;C1261153;24
11832_2016_753_Fig1_HTML;C1261153;24
1471-2474-15-260-4;C1261153;24
1532-429X-15-88-1;C1261153;24
IJRI-21-195-g001;C1261153;24
10508_2013_179_Fig1_HTML;C1261153;24
AOP2011-176497.003;C1261153;24
AOP2011-176497.004;C1261153;24
ACA-19-63-g003;C1261153;24
cvja-22-246-g001;C1261153;24
fsurg-01-00035-g003;C1261153;24
2000107-galleyfig1a;C1261153;24
pone.0118750.g002;C1261153;24
1471-2474-15-23-2;C1261153;24
cc12589-1;C1261153;24
gr1_PMC5024502;C1261153;24
40463_2017_231_Fig1_HTML;C1261153;24
JVIM-31-1556-g002;C1261153;24
TSWJ2014-490824.002;C1261153;24
jdapm-16-95-g002;C1261153;24
261_2016_661_Fig2_HTML;C1261153;24
10.1177_2058460115579458-fig2;C1261153;24
1475-2840-9-29-1;C1261153;24
ksrr-29-203f1;C1261153;24
JCVJS-8-9-g001;C1261153;24
JCVJS-8-9-g002;C1261153;24
pone.0156154.g002;C1261153;24
JoU-2012-0032-g001;C1261153;24
kjs-9-352-g001;C1261153;24
jkns-54-405-g002;C1261153;24
JoU-2013-0027-g001;C1261153;24
abc-101-03-0211-g01;C1261153;24
10-1055-s-0033-1358794-i120045-4;C1261153;24
fnhum-07-00934-g005;C1261153;24
pone.0066016.g001;C1261153;24
pone.0178858.g004;C1261153;24
asj-9-245-g001;C1261153;24
asj-10-314-g001;C1261153;24
jfb-02-00107f5;C1261153;24
12880_2017_186_Fig2_HTML;C1261153;24
1413-7852-aob-22-02-00082-gf03;C1261153;24
jomr-01-e7-g001;C1261153;24
srep02320-f3;C1261153;24
JoU-2015-0001-g002;C1261153;24
jkaoms-40-297-g002;C1261153;24
kcj-45-210-g001;C1261153;24
1471-2377-12-39-2;C1261153;24
CCD-6-277-g004;C1261153;24
IJABMR-5-21-g001;C1261153;24
10.1177_0300060515594193-fig1;C1261153;24
cureus-0008-00000000903-i05;C1261153;24
srep16200-f1;C1261153;24
pone.0071636.g001;C1261153;24
jiufd-050-043-e006;C1261153;24
10.1177_2050312115615365-fig1;C1261153;24
ijmsv09p0894g02;C1261153;24
ymj-47-237-g001;C1261153;24
pone.0133377.g008;C1261153;24
BMJ-34-412-g2;C1261153;24
jpis-46-277-g002;C1261153;24
CCD-6-348-g003;C1261153;24
CCD-6-348-g004;C1261153;24
srep23268-f1;C1261153;24
IJEM-18-676-g001;C1261153;24
IJEM-18-676-g002;C1261153;24
pone.0161777.g002;C1261153;24
jkns-56-200-g001;C1261153;24
1413-7852-aob-23-02-00094-gf01;C1261153;24
arm-37-796-g002;C1261153;24
biij-02-e48-g08;C1261153;24
12891_2017_1467_Fig1_HTML;C1261153;24
kjhbps-15-123-g001;C1261153;24
EJD-7-26-g002;C1261153;24
13071_2015_1273_Fig1_HTML;C1261153;24
247_2017_3834_Fig1_HTML;C1261153;24
247_2017_3834_Fig2_HTML;C1261153;24
srep46611-f2;C1261153;24
AJUM-16-124-g007;C1261153;24
JISP-14-245-g003;C1261153;24
mpp-0022-0042-g01;C1261153;24
kjs-14-3-61f1;C1261153;24
ECAM2017-7420648.001;C1261153;24
isd-44-95-g002;C1261153;24
foods-03-00318-g002;C1261153;24
gox-3-e484-g007;C1261153;24
AJC-15-753-g001;C1261153;24
iranjradiol-11-3555-g001;C1261153;24
medoral-17-e1074-g003;C1261153;24
Beilstein_J_Nanotechnol-07-1736-g003;C1261153;24
1471-2474-15-241-1;C1261153;24
bioengineering-04-00069-g005;C1261153;24
pone.0154224.g001;C1261153;24
pone.0154224.g002;C1261153;24
IJOrtho-47-482-g001;C1261153;24
kjim-2016-118f1;C1261153;24
12947_2016_84_Fig1_HTML;C1261153;24
1471-2474-9-49-3;C1261153;24
kjr-13-371-g008;C1261153;24
pone.0172979.g002;C1261153;24
10.1177_1941738112473429-fig4;C1261153;24
12891_2017_1471_Fig1_HTML;C1261153;24
595_2016_1395_Fig2_HTML;C1261153;24
JISP-16-553-g002;C1261153;24
TODENTJ-7-132_F4;C1261153;24
13104_2015_1322_Fig2_HTML;C1261153;24
DRJ-10-353-g004;C1261153;24
1471-2334-12-136-3;C1261153;24
AMS-6-246-g003;C1261153;24
gr1_PMC4625213;C1261153;24
1757-1146-3-15-2;C1261153;24
medoral-20-e239-g001;C1261153;24
tcas17-179-f3;C1261153;24
gr1_PMC4823577;C1261153;24
62_2013_263_Fig2_HTML;C1261153;24
ogs-57-427-g001;C1261153;24
ogs-57-427-g005;C1261153;24
IJEM-21-308-g001;C1261153;24
IJEM-21-308-g002;C1261153;24
jpts-28-2798-g001;C1261153;24
11220_2013_77_Fig6_HTML;C1261153;24
mv-v15-146-f4;C1261153;24
10.1177_1179546817710026-fig8;C1261153;24
40902_2015_24_Fig2_HTML;C1261153;24
1746-160X-10-18-5;C1261153;24
JISP-17-210-g001;C1261153;24
pone.0112423.g002;C1261153;24
isd-41-151-g001;C1261153;24
cln63_2p0245f2;C1261153;24
BMRI2016-3703745.002;C1261153;24
GRP2016-3161738.001;C1261153;24
pone.0030912.g006;C1261153;24
jpts-27-255-g001;C1261153;24
rsta20160101-g1;C1261153;24
41598_2017_2250_Fig2_HTML;C1261153;24
IJRI-22-195-g025;C1261153;24
pone.0177686.g003;C1261153;24
pone.0174120.g001;C1261153;24
ejtm-2016-4-6224-g001;C1261153;24
40792_2017_341_Fig1_HTML;C1261153;24
13089_2015_29_Fig1_HTML;C1261153;24
1476-7120-5-23-1;C1261153;24
40462_2017_98_Fig1_HTML;C1261153;24
AJC-16-579-g001;C1261153;24
oc-2017-00100b_0003;C1261153;24
1475-925X-11-24-10;C1261153;24
1471-2369-14-26-1;C1261153;24
JCVJS-8-108-g002;C1261153;24
GJHS-4-51-g006;C0155681;25
CRIM.RHEUMATOLOGY2013-287592.003;C0155681;25
BMRI2014-904381.006;C0450515;26
1472-6807-9-68-10;C0450515;26
1472-6807-9-68-12;C0450515;26
JCB0011007.f1;C0450515;26
bcr3210-3;C0427008;27
bcr3210-4;C0427008;27
bcr3210-5;C0427008;27
bcr3210-6;C0427008;27
BMRI2014-365982.001;C0427008;27
CRIM.GM2012-435802.003;C0427008;27
JoU-2015-0035-g004;C0427008;27
pone.0155673.g011;C0427008;27
kjr-12-365-g002;C0427008;27
srep31057-f1;C0427008;27
bcr2787-3;C0427008;27
bcr2787-5;C0427008;27
bcr2787-6;C0427008;27
10.1177_2051415816656120-fig1;C0427008;27
WJG-22-7857-g001;C0427008;27
jp-2016-027418_0001;C0427008;27
SAS-2-2008-0010-LR-g005;C0427008;27
abd-91-05-s1-0057-g02;C0427008;27
medi-94-e1540-g004;C0427008;27
SHORTS-11-16401;C2609065;28
ABR-3-46-g001;C0748722;29
CEJU-65-00163-g001;C0748722;29
IJPI-4-65-g006;C0246289;30
ad-27-721-g001;C0246289;30
cmamd-9-2016-009f2;C0246289;30
cmamd-9-2016-009f3;C0246289;30
opth-6-511f2;C2826892;31
ABR-4-123-g002;C2826892;31
2050-5736-2-15-2;C2826892;31
12903_2015_107_Fig1_HTML;C2826892;31
JoU-2016-0015-g001;C2826892;31
gr2_PMC3860046;C0748830;32
kjn-11-118-g003;C0748830;32
CCR3-4-1207-g001;C0748830;32
JETS-8-120-g001;C0748830;32
10-1055-s-0034-1396430-i1400066-1;C3879561;33
cios-9-270-g002;C3879561;33
40560_2016_205_Fig1_HTML;C3879561;33
13244_2011_89_Fig6_HTML;C0744326;34
1752-1947-2-173-1;C0744326;34
91-6601896f2;C0744326;34
crg0003-0202-f02;C0744326;34
biij-07-e8-g02;C0744326;34
13256_2016_947_Fig1_HTML;C0744326;34
CRIM2012-582607.005;C0744326;34
gr-02-356-g002;C0744326;34
jkms-25-152-g001;C0744326;34
ci12003114;C0744326;34
pghn-17-196-g002;C0744326;34
PAMJ-17-261-g002;C0744326;34
1477-7819-9-33-2;C0744326;34
PCD-9-E67s01;C0744326;34
ce-45-412-g004;C0744326;34
ce-45-412-g005;C0744326;34
2047-783X-19-38-3;C0744326;34
crj-02-086-g004;C0744326;34
CRIPE2016-5717246.001;C0744326;34
WJNM-12-76-g001;C0744326;34
cureus-0008-00000000812-i02;C0744326;34
CRIPE2015-129098.001;C0744326;34
CRIPE2015-129098.003;C0744326;34
br-04-06-0651-g00;C0744326;34
CRIS2014-387307.002;C0744326;34
1476-7120-6-46-3;C0744326;34
JIAPS-17-138-g002;C0744326;34
13256_2015_644_Fig1_HTML;C0744326;34
11605_2007_131_Fig7_HTML;C0744326;34
gr2_PMC5106532;C0744326;34
10-1055-s-0033-1361835-i130090cr-1;C0744326;34
ATM-8-179-g001;C0744326;34
ATM-8-179-g002;C0744326;34
40792_2015_126_Fig1_HTML;C0744326;34
jkss-82-149-g003;C0744326;34
jkss-82-149-g004;C0744326;34
cro-0006-0493-g01;C0744326;34
jsls-2-2-181-g01;C0744326;34
jnm-16-323-g001;C0744326;34
jnm-16-323-g002;C0744326;34
1749-8090-9-34-2;C0744326;34
CTR-29-697-g001;C0744326;34
CTR-29-697-g002;C0744326;34
CRIOG2014-314284.002;C0744326;34
mco-05-06-0740-g01;C0744326;34
ce-46-647-g001;C0744326;34
ce-46-647-g005;C0744326;34
jsls-10-3-326-g01;C0744326;34
crg0005-0396-f02;C0744326;34
1757-1626-1-242-2;C0744326;34
CRIS2015-853297.003;C0744326;34
pone.0086067.g005;C0744326;34
jsls-14-1-126-g01;C0003463;35
jsls-14-1-126-g05;C0003463;35
cro0003-0339-f01;C0003463;35
JoU-2013-0030-g008;C0003463;35
1757-1626-0002-0000006791-001;C0003463;35
gr1_PMC4897035;C0003463;35
WO-17-20401-g001;C0003463;35
1757-1626-2-9093-3;C0003463;35
1757-1626-2-9093-4;C0003463;35
rt-2012-4-e54-g001;C0003463;35
1471-2490-10-8-1;C0003463;35
jcav02p0271g01;C0003463;35
12893_2013_548_Fig1_HTML;C0003463;35
CRM2009-879765.001;C0003463;35
40792_2017_319_Fig2_HTML;C0003463;35
40792_2017_319_Fig3_HTML;C0003463;35
tox-25-063-g089;C0003463;35
12957_2016_1071_Fig6_HTML;C0003463;35
ott-9-5903Fig4;C0003463;35
PAMJ-20-22-g006;C0003463;35
PAMJ-20-22-g007;C0003463;35
1471-2490-12-7-1;C0003463;35
rado-48-03-243f5;C0003463;35
IJD-53-149-g004;C0833644;36
kjim-7-1-68-12f3;C0449543;37
IJO-61-407-g001;C2875932;38
1824-7288-39-18-6;C2875932;38
gr2_PMC3825974;C1267363;39
ARYA-6-082-g001;C1267363;39
JCIS-5-24-g004;C1267363;39
1752-1947-6-33-5;C1267363;39
CRIM.VASMED2012-750953.003;C1267363;39
ARI2014-597103.003;C1267363;39
ARI2014-597103.004;C1267363;39
ARI2014-597103.005;C1267363;39
ARI2014-597103.006;C1267363;39
ARI2014-597103.007;C1267363;39
ARI2014-597103.010;C1267363;39
IJU-28-362-g001;C1267363;39
IJU-28-362-g004;C1267363;39
AU2010-276497.003;C1267363;39
ISRN.OBGYN2013-297921.010;C1267363;39
JGES-2-109-g002;C1267363;39
IJVM2011-890204.001;C1267363;39
medscimonit-18-3-BR109-g001;C1267363;39
kjae-61-169-g001;C1267363;39
gr2_PMC5068213;C1267363;39
CRIM.TRANSPLANTATION2013-171807.001;C1267363;39
CRIM.TRANSPLANTATION2013-171807.002;C1267363;39
kjae-60-128-g003;C1267363;39
1756-0500-7-290-1;C1267363;39
1756-0500-7-290-5;C1267363;39
CRIM.SURGERY2012-175272.003;C1267363;39
CRIM.VASMED2012-292945.003;C1267363;39
rado-45-02-82f1;C1267363;39
umj0083-0146-f2;C1267363;39
umj0083-0146-f3;C1267363;39
CRIM2011-515078.001;C1267363;39
CRIM2011-515078.002;C1267363;39
AJUM-18-134-g001;C1267363;39
13244_2010_46_Fig4_HTML;C1267363;39
12885_2014_4809_Fig1_HTML;C1267363;39
12885_2014_4809_Fig3_HTML;C1267363;39
CRIU2016-5895016.001;C1267363;39
kjr-16-593-g001;C1267363;39
ndtplussfr183f02_ht;C1267363;39
PWKI-9-21414-g004;C1267363;39
vsi-31-067f3;C1267363;39
12905_2015_163_Fig3_HTML;C1267363;39
12905_2015_163_Fig4_HTML;C1267363;39
12905_2015_163_Fig6_HTML;C1267363;39
IJU-29-42-g003;C1267363;39
IJU-29-42-g004;C1267363;39
gr2_PMC5128387;C1267363;39
kcj-46-412-g004;C1267363;39
40119_2013_21_Fig3_HTML;C1267363;39
12957_2015_500_Fig1_HTML;C1267363;39
IJN-19-167-g003;C1267363;39
acb-45-285-g001;C1267363;39
vsi-30-87f4;C1267363;39
rju03501;C1267363;39
CRIM.VASMED2012-434768.001;C1267363;39
13256_2016_1084_Fig1_HTML;C1267363;39
jscr-2012-8-18fig1;C1267363;39
poljradiol-77-2-44-g003;C1267363;39
IJRI-23-145-g003;C1267363;39
gr3_PMC4900056;C1267363;39
1477-7819-10-149-3;C1267363;39
1749-7922-4-39-2;C1267363;39
CRIS2016-1375214.003;C1267363;39
13244_2010_42_Fig21_HTML;C1267363;39
poljradiol-82-244-g001;C1267363;39
IDOJ-7-117-g002;C3279676;40
CRIM.HEMATOLOGY2013-857610.005;C3279676;40
CJ-06-54919-g001;C3279676;40
2008-2231-20-94-3;C3279676;40
dp0604a11g002;C3279676;40
TI-17-94-g002;C3279676;40
TI-17-94-g004;C3279676;40
tcrm-4-1135f2;C3279676;40
1757-2215-4-5-3;C3279676;40
gr7_PMC5290073;C3279676;40
iej-07-165-g005;C3279676;40
1750-1172-2-20-1;C3279676;40
1750-1172-2-20-2;C3279676;40
pone.0047313.g002;C3279676;40
rt-2014-4-5529-g003;C1708776;41
oncotarget-07-78487-g004;C1708776;41
crg-0007-0219-g03;C1708776;41
jto-9-e075-g004;C1708776;41
cro-0007-0600-g01;C1708776;41
1752-1947-3-9306-1;C1708776;41
1752-1947-3-9306-2;C1708776;41
medi-95-e4612-g005;C1708776;41
AJM-5-57-g004;C1708776;41
kjpathol-46-373-g002;C1708776;41
amjcaserep-17-448-g004;C1708776;41
IJMPO-34-134-g003;C1708776;41
1477-7819-8-49-1;C1708776;41
CRIM.UROLOGY2014-218628.001;C1708776;41
OL-06-01-0220-g01;C1708776;41
1477-7819-11-295-7;C1708776;41
1477-7819-3-42-4;C1708776;41
1477-7819-3-42-5;C1708776;41
TORMJ-10-79_F3;C1708776;41
PAMJ-21-172-g003;C1708776;41
jksc-28-222-g006;C1708776;41
kjpain-28-148-g001;C1708776;41
12885_2016_2763_Fig3_HTML;C1708776;41
12885_2016_2763_Fig4_HTML;C1708776;41
GRP2013-696423.002;C1708776;41
CRIONM2014-297031.004;C1708776;41
TJOD-13-215-g2;C1708776;41
JPI-6-55-g003;C1708776;41
1477-7819-6-118-4;C1708776;41
1752-1947-5-223-1;C1708776;41
1477-7819-11-251-1;C1708776;41
12957_2016_1036_Fig2_HTML;C1708776;41
1471-2350-5-16-1;C1708776;41
1471-2350-5-16-3;C1708776;41
cro0003-0035-f03;C1708776;41
1748-717X-8-85-3;C1708776;41
medi-95-e4374-g003;C1708776;41
10006_2008_117_Fig1_HTML;C2037498;42
1758-3284-3-37-1;C2037498;42
NJMS-3-55-g001;C2037498;42
JNSBM-7-98-g001;C2037498;42
1471-2334-13-59-1;C2037498;42
cabr-9-357-g005;C0203177;43
13256_2014_3029_Fig1_HTML;C0203177;43
kjn-12-167-g002;C0203177;43
arm-38-861-g002;C0203177;43
CRIM.PSYCHIATRY2012-585303.001;C0203177;43
SNI-4-151-g002;C0203177;43
ebsj02057-2;C0203177;43
JPN-10-82-g001;C0273098;44
sensors-17-00233-g007a;C1853942;45
marinedrugs-12-04231-g004;C0016576;46
ECAM2013-472973.013;C0016576;46
ymj-46-491-g001;C0273444;47
en-21-83-g004;C0273444;47
TSWJ2012-314038.001;C0273444;47
CRM2009-568142.001;C0273444;47
JETS-03-82-g003;C0273444;47
JETS-03-82-g004;C0273444;47
JCB32923.f1a;C0273444;47
IJPS-44-511-g001;C0273444;47
IJPS-44-511-g002;C0273444;47
IJPS-44-511-g008;C0273444;47
MOJ_Vol7_Issue1_49_F2;C0273444;47
JCIS-4-16-g003;C0273444;47
JCIS-4-16-g004;C0273444;47
CHSJ-40-4-281-fig1;C0455285;48
13054_2015_778_Fig5_HTML;C0455285;48
CJ-10-20-g001;C0455285;48
ijms-38-198-g002;C0455285;48
1752-1947-6-211-2;C0455285;48
1752-1947-6-211-3;C0455285;48
IJD-60-521a-g003;C0455285;48
CRIEM2017-2656203.002;C0455285;48
167_2010_1100_Fig3_HTML;C0834774;49
